{
    "$schema": "http://schema.management.azure.com/schemas/2015-01-01/deploymentTemplate.json#",
    "contentVersion": "1.0.0.0",
    "parameters": {
        "factoryName": {
            "type": "string",
            "metadata": "Data Factory name",
            "defaultValue": "demodfdev"
        },
        "SeceretLS_properties_typeProperties_baseUrl": {
            "type": "string",
            "defaultValue": "https://demokvdev.vault.azure.net/"
        },
        "StorageLS_properties_typeProperties_connectionString_secretName": {
            "type": "string",
            "defaultValue": "storage-access-key"
        },
        "ScheduleTrigger_properties_MoveFiles_parameters_SourceStore_Location": {
            "type": "string",
            "defaultValue": "sync"
        },
        "ScheduleTrigger_properties_MoveFiles_parameters_SourceStore_Directory": {
            "type": "string",
            "defaultValue": "sync"
        },
        "ScheduleTrigger_properties_MoveFiles_parameters_DestinationStore_Location": {
            "type": "string",
            "defaultValue": "staging"
        },
        "ScheduleTrigger_properties_MoveFiles_parameters_DestinationStore_Directory": {
            "type": "string",
            "defaultValue": "staging"
        },
        "containerUri": {
            "type": "string",
            "metadata": "URI to storage account containing linked ARM templates"
        },
        "containerSasToken": {
            "type": "string",
            "metadata": "Sas token to storage account containing linked ARM templates"
        }
    },
    "variables": {
        "factoryId": "[concat('Microsoft.DataFactory/factories/', parameters('factoryName'))]"
    },
    "resources": [
        {
            "name": "demodfdev_ArmTemplate_0",
            "type": "Microsoft.Resources/deployments",
            "apiVersion": "2018-02-01",
            "properties": {
                "mode": "incremental",
                "templateLink": {
                    "uri": "[concat(parameters('containerUri'), '/ArmTemplate_0.json', parameters('containerSasToken'))]",
                    "contentVersion": "1.0.0.0"
                },
                "parameters": {
                    "factoryName": {
                        "value": "[parameters('factoryName')]"
                    },
                    "SeceretLS_properties_typeProperties_baseUrl": {
                        "value": "[parameters('SeceretLS_properties_typeProperties_baseUrl')]"
                    },
                    "StorageLS_properties_typeProperties_connectionString_secretName": {
                        "value": "[parameters('StorageLS_properties_typeProperties_connectionString_secretName')]"
                    },
                    "ScheduleTrigger_properties_MoveFiles_parameters_SourceStore_Location": {
                        "value": "[parameters('ScheduleTrigger_properties_MoveFiles_parameters_SourceStore_Location')]"
                    },
                    "ScheduleTrigger_properties_MoveFiles_parameters_SourceStore_Directory": {
                        "value": "[parameters('ScheduleTrigger_properties_MoveFiles_parameters_SourceStore_Directory')]"
                    },
                    "ScheduleTrigger_properties_MoveFiles_parameters_DestinationStore_Location": {
                        "value": "[parameters('ScheduleTrigger_properties_MoveFiles_parameters_DestinationStore_Location')]"
                    },
                    "ScheduleTrigger_properties_MoveFiles_parameters_DestinationStore_Directory": {
                        "value": "[parameters('ScheduleTrigger_properties_MoveFiles_parameters_DestinationStore_Directory')]"
                    }
                }
            },
            "dependsOn": []
        }
    ]
}