{
    "$schema": "http://schema.management.azure.com/schemas/2015-01-01/deploymentTemplate.json#",
    "contentVersion": "1.0.0.0",
    "parameters": {
        "factoryName": {
            "type": "string",
            "metadata": "Data Factory name",
            "defaultValue": "demodfdev"
        },
        "SeceretLS_properties_typeProperties_baseUrl": {
            "type": "string",
            "defaultValue": "https://demokvdev.vault.azure.net/"
        },
        "StorageLS_properties_typeProperties_connectionString_secretName": {
            "type": "string",
            "defaultValue": "storage-access-key"
        },
        "ScheduleTrigger_properties_MoveFiles_parameters_SourceStore_Location": {
            "type": "string",
            "defaultValue": "sync"
        },
        "ScheduleTrigger_properties_MoveFiles_parameters_SourceStore_Directory": {
            "type": "string",
            "defaultValue": "sync"
        },
        "ScheduleTrigger_properties_MoveFiles_parameters_DestinationStore_Location": {
            "type": "string",
            "defaultValue": "staging"
        },
        "ScheduleTrigger_properties_MoveFiles_parameters_DestinationStore_Directory": {
            "type": "string",
            "defaultValue": "staging"
        }
    },
    "variables": {
        "factoryId": "[concat('Microsoft.DataFactory/factories/', parameters('factoryName'))]"
    },
    "resources": [
        {
            "name": "[concat(parameters('factoryName'), '/SeceretLS')]",
            "type": "Microsoft.DataFactory/factories/linkedServices",
            "apiVersion": "2018-06-01",
            "properties": {
                "annotations": [],
                "type": "AzureKeyVault",
                "typeProperties": {
                    "baseUrl": "[parameters('SeceretLS_properties_typeProperties_baseUrl')]"
                }
            },
            "dependsOn": []
        },
        {
            "name": "[concat(parameters('factoryName'), '/StorageLS')]",
            "type": "Microsoft.DataFactory/factories/linkedServices",
            "apiVersion": "2018-06-01",
            "properties": {
                "annotations": [],
                "type": "AzureBlobStorage",
                "typeProperties": {
                    "connectionString": {
                        "type": "AzureKeyVaultSecret",
                        "store": {
                            "referenceName": "SeceretLS",
                            "type": "LinkedServiceReference"
                        },
                        "secretName": "[parameters('StorageLS_properties_typeProperties_connectionString_secretName')]"
                    }
                }
            },
            "dependsOn": [
                "[concat(variables('factoryId'), '/linkedServices/SeceretLS')]"
            ]
        },
        {
            "name": "[concat(parameters('factoryName'), '/BinaryDataDestination')]",
            "type": "Microsoft.DataFactory/factories/datasets",
            "apiVersion": "2018-06-01",
            "properties": {
                "description": "It describes the destination store.",
                "linkedServiceName": {
                    "referenceName": "StorageLS",
                    "type": "LinkedServiceReference"
                },
                "parameters": {
                    "Container": {
                        "type": "String"
                    },
                    "Directory": {
                        "type": "String"
                    },
                    "filename": {
                        "type": "string"
                    }
                },
                "annotations": [],
                "type": "Binary",
                "typeProperties": {
                    "location": {
                        "type": "AzureBlobStorageLocation",
                        "folderPath": {
                            "value": "@{dataset().Directory}",
                            "type": "Expression"
                        },
                        "container": {
                            "value": "@{dataset().Container}",
                            "type": "Expression"
                        }
                    }
                }
            },
            "dependsOn": [
                "[concat(variables('factoryId'), '/linkedServices/StorageLS')]"
            ]
        },
        {
            "name": "[concat(parameters('factoryName'), '/BinaryDataSource_File')]",
            "type": "Microsoft.DataFactory/factories/datasets",
            "apiVersion": "2018-06-01",
            "properties": {
                "description": "It describes the file in the data source store.",
                "linkedServiceName": {
                    "referenceName": "StorageLS",
                    "type": "LinkedServiceReference"
                },
                "parameters": {
                    "Container": {
                        "type": "String"
                    },
                    "Directory": {
                        "type": "String"
                    },
                    "filename": {
                        "type": "string"
                    }
                },
                "annotations": [],
                "type": "Binary",
                "typeProperties": {
                    "location": {
                        "type": "AzureBlobStorageLocation",
                        "fileName": {
                            "value": "@dataset().filename",
                            "type": "Expression"
                        },
                        "folderPath": {
                            "value": "@{dataset().Directory}",
                            "type": "Expression"
                        },
                        "container": {
                            "value": "@{dataset().Container}",
                            "type": "Expression"
                        }
                    }
                }
            },
            "dependsOn": [
                "[concat(variables('factoryId'), '/linkedServices/StorageLS')]"
            ]
        },
        {
            "name": "[concat(parameters('factoryName'), '/BinaryDataSource_Folder')]",
            "type": "Microsoft.DataFactory/factories/datasets",
            "apiVersion": "2018-06-01",
            "properties": {
                "description": "It describes the folder in the data source store.",
                "linkedServiceName": {
                    "referenceName": "StorageLS",
                    "type": "LinkedServiceReference"
                },
                "parameters": {
                    "Container": {
                        "type": "String"
                    },
                    "Directory": {
                        "type": "String"
                    }
                },
                "annotations": [],
                "type": "Binary",
                "typeProperties": {
                    "location": {
                        "type": "AzureBlobStorageLocation",
                        "folderPath": {
                            "value": "@{dataset().Directory}",
                            "type": "Expression"
                        },
                        "container": {
                            "value": "@{dataset().Container}",
                            "type": "Expression"
                        }
                    }
                }
            },
            "dependsOn": [
                "[concat(variables('factoryId'), '/linkedServices/StorageLS')]"
            ]
        },
        {
            "name": "[concat(parameters('factoryName'), '/MoveFiles')]",
            "type": "Microsoft.DataFactory/factories/pipelines",
            "apiVersion": "2018-06-01",
            "properties": {
                "description": "Move files from one folder to another folder",
                "activities": [
                    {
                        "name": "GetFileList",
                        "description": "Get the list of file",
                        "type": "GetMetadata",
                        "dependsOn": [
                            {
                                "activity": "Validation1",
                                "dependencyConditions": [
                                    "Succeeded"
                                ]
                            }
                        ],
                        "policy": {
                            "timeout": "7.00:00:00",
                            "retry": 0,
                            "retryIntervalInSeconds": 30,
                            "secureOutput": false,
                            "secureInput": false
                        },
                        "userProperties": [],
                        "typeProperties": {
                            "dataset": {
                                "referenceName": "BinaryDataSource_Folder",
                                "type": "DatasetReference",
                                "parameters": {
                                    "Container": {
                                        "value": "@pipeline().parameters.SourceStore_Location",
                                        "type": "Expression"
                                    },
                                    "Directory": {
                                        "value": "@pipeline().parameters.SourceStore_Directory",
                                        "type": "Expression"
                                    }
                                }
                            },
                            "fieldList": [
                                "childItems"
                            ],
                            "storeSettings": {
                                "type": "AzureBlobStorageReadSettings",
                                "recursive": true
                            },
                            "formatSettings": {
                                "type": "BinaryReadSettings"
                            }
                        }
                    },
                    {
                        "name": "ForEachFile",
                        "description": "Iterate each file, and move them one by one.",
                        "type": "ForEach",
                        "dependsOn": [
                            {
                                "activity": "FilterFiles",
                                "dependencyConditions": [
                                    "Succeeded"
                                ]
                            }
                        ],
                        "userProperties": [],
                        "typeProperties": {
                            "items": {
                                "value": "@activity('FilterFiles').output.value",
                                "type": "Expression"
                            },
                            "batchCount": 20,
                            "activities": [
                                {
                                    "name": "CopyAFile",
                                    "description": "Copy a file from the source store to the destination store.",
                                    "type": "Copy",
                                    "dependsOn": [],
                                    "policy": {
                                        "timeout": "7.00:00:00",
                                        "retry": 0,
                                        "retryIntervalInSeconds": 30,
                                        "secureOutput": false,
                                        "secureInput": false
                                    },
                                    "userProperties": [],
                                    "typeProperties": {
                                        "source": {
                                            "type": "BinarySource",
                                            "storeSettings": {
                                                "type": "AzureBlobStorageReadSettings",
                                                "recursive": true
                                            },
                                            "recursive": false
                                        },
                                        "sink": {
                                            "type": "BinarySink",
                                            "storeSettings": {
                                                "type": "AzureBlobStorageWriteSettings"
                                            }
                                        },
                                        "enableStaging": false,
                                        "dataIntegrationUnits": 0
                                    },
                                    "inputs": [
                                        {
                                            "referenceName": "BinaryDataSource_File",
                                            "type": "DatasetReference",
                                            "parameters": {
                                                "Container": {
                                                    "value": "@pipeline().parameters.SourceStore_Location",
                                                    "type": "Expression"
                                                },
                                                "Directory": {
                                                    "value": "@pipeline().parameters.SourceStore_Directory",
                                                    "type": "Expression"
                                                },
                                                "filename": {
                                                    "value": "@item().name",
                                                    "type": "Expression"
                                                }
                                            }
                                        }
                                    ],
                                    "outputs": [
                                        {
                                            "referenceName": "BinaryDataDestination",
                                            "type": "DatasetReference",
                                            "parameters": {
                                                "Container": {
                                                    "value": "@pipeline().parameters.DestinationStore_Location",
                                                    "type": "Expression"
                                                },
                                                "Directory": {
                                                    "value": "@pipeline().parameters.DestinationStore_Directory",
                                                    "type": "Expression"
                                                },
                                                "filename": {
                                                    "value": "@item().name",
                                                    "type": "Expression"
                                                }
                                            }
                                        }
                                    ]
                                },
                                {
                                    "name": "DeleteAFile",
                                    "description": "Delete a file from the source store",
                                    "type": "Delete",
                                    "dependsOn": [
                                        {
                                            "activity": "CopyAFile",
                                            "dependencyConditions": [
                                                "Succeeded"
                                            ]
                                        }
                                    ],
                                    "policy": {
                                        "timeout": "7.00:00:00",
                                        "retry": 0,
                                        "retryIntervalInSeconds": 30,
                                        "secureOutput": false,
                                        "secureInput": false
                                    },
                                    "userProperties": [],
                                    "typeProperties": {
                                        "dataset": {
                                            "referenceName": "BinaryDataSource_File",
                                            "type": "DatasetReference",
                                            "parameters": {
                                                "Container": {
                                                    "value": "@pipeline().parameters.SourceStore_Location",
                                                    "type": "Expression"
                                                },
                                                "Directory": {
                                                    "value": "@pipeline().parameters.SourceStore_Directory",
                                                    "type": "Expression"
                                                },
                                                "filename": {
                                                    "value": "@item().name",
                                                    "type": "Expression"
                                                }
                                            }
                                        },
                                        "enableLogging": false,
                                        "storeSettings": {
                                            "type": "AzureBlobStorageReadSettings",
                                            "recursive": true
                                        }
                                    }
                                }
                            ]
                        }
                    },
                    {
                        "name": "FilterFiles",
                        "description": "Only files will be selected, the source-folders will not be selected.",
                        "type": "Filter",
                        "dependsOn": [
                            {
                                "activity": "GetFileList",
                                "dependencyConditions": [
                                    "Succeeded"
                                ]
                            }
                        ],
                        "userProperties": [],
                        "typeProperties": {
                            "items": {
                                "value": "@activity('GetFileList').output.childItems",
                                "type": "Expression"
                            },
                            "condition": {
                                "value": "@equals(item().type, 'File')",
                                "type": "Expression"
                            }
                        }
                    },
                    {
                        "name": "Validation1",
                        "type": "Validation",
                        "dependsOn": [],
                        "userProperties": [],
                        "typeProperties": {
                            "dataset": {
                                "referenceName": "BinaryDataSource_Folder",
                                "type": "DatasetReference",
                                "parameters": {
                                    "Container": {
                                        "value": "@pipeline().parameters.SourceStore_Location",
                                        "type": "Expression"
                                    },
                                    "Directory": {
                                        "value": "@pipeline().parameters.SourceStore_Directory",
                                        "type": "Expression"
                                    }
                                }
                            },
                            "timeout": "7.00:00:00",
                            "sleep": 10,
                            "childItems": true
                        }
                    }
                ],
                "parameters": {
                    "SourceStore_Location": {
                        "type": "String"
                    },
                    "SourceStore_Directory": {
                        "type": "String",
                        "defaultValue": "sync"
                    },
                    "DestinationStore_Location": {
                        "type": "String"
                    },
                    "DestinationStore_Directory": {
                        "type": "String",
                        "defaultValue": "staging"
                    }
                },
                "annotations": [],
                "lastPublishTime": "2021-01-02T12:23:02Z"
            },
            "dependsOn": [
                "[concat(variables('factoryId'), '/datasets/BinaryDataSource_Folder')]",
                "[concat(variables('factoryId'), '/datasets/BinaryDataSource_File')]",
                "[concat(variables('factoryId'), '/datasets/BinaryDataDestination')]"
            ]
        },
        {
            "name": "[concat(parameters('factoryName'), '/ScheduleTrigger')]",
            "type": "Microsoft.DataFactory/factories/triggers",
            "apiVersion": "2018-06-01",
            "properties": {
                "annotations": [],
                "runtimeState": "Started",
                "pipelines": [
                    {
                        "pipelineReference": {
                            "referenceName": "MoveFiles",
                            "type": "PipelineReference"
                        },
                        "parameters": {
                            "SourceStore_Location": "[parameters('ScheduleTrigger_properties_MoveFiles_parameters_SourceStore_Location')]",
                            "SourceStore_Directory": "[parameters('ScheduleTrigger_properties_MoveFiles_parameters_SourceStore_Directory')]",
                            "DestinationStore_Location": "[parameters('ScheduleTrigger_properties_MoveFiles_parameters_DestinationStore_Location')]",
                            "DestinationStore_Directory": "[parameters('ScheduleTrigger_properties_MoveFiles_parameters_DestinationStore_Directory')]"
                        }
                    }
                ],
                "type": "ScheduleTrigger",
                "typeProperties": {
                    "recurrence": {
                        "frequency": "Day",
                        "interval": 1,
                        "startTime": "2021-01-02T12:31:00",
                        "timeZone": "FLE Standard Time",
                        "schedule": {
                            "minutes": [
                                59
                            ],
                            "hours": [
                                23
                            ]
                        }
                    }
                }
            },
            "dependsOn": [
                "[concat(variables('factoryId'), '/pipelines/MoveFiles')]"
            ]
        }
    ]
}