{
    "$schema": "https://schema.management.azure.com/schemas/2015-01-01/deploymentParameters.json#",
    "contentVersion": "1.0.0.0",
    "parameters": {
        "factoryName": {
            "value": "demodfdev"
        },
        "SeceretLS_properties_typeProperties_baseUrl": {
            "value": "https://demokvdev.vault.azure.net/"
        },
        "StorageLS_properties_typeProperties_connectionString_secretName": {
            "value": "storage-access-key"
        },
        "ScheduleTrigger_properties_MoveFiles_parameters_SourceStore_Location": {
            "value": "sync"
        },
        "ScheduleTrigger_properties_MoveFiles_parameters_SourceStore_Directory": {
            "value": "sync"
        },
        "ScheduleTrigger_properties_MoveFiles_parameters_DestinationStore_Location": {
            "value": "staging"
        },
        "ScheduleTrigger_properties_MoveFiles_parameters_DestinationStore_Directory": {
            "value": "staging"
        }
    }
}